{
  "project_info": {
    "project_number": "430937508854",
    "firebase_url": "https://xamarinpushnotification2.firebaseio.com",
    "project_id": "xamarinpushnotification2",
    "storage_bucket": "xamarinpushnotification2.appspot.com"
  },
  "client": [
    {
      "client_info": {
        "mobilesdk_app_id": "1:430937508854:android:46afbd6b7ce3fb75",
        "android_client_info": {
          "package_name": "com.udacity.nanodegree.blooddonation"
        }
      },
      "oauth_client": [
        {
          "client_id": "430937508854-qsu7tohuf3teu9mp62bni2bd62g7e693.apps.googleusercontent.com",
          "client_type": 3
        }
      ],
      "api_key": [
        {
          "current_key": "AIzaSyByrTIjXIAOrNs4OaZLO6YgWBDiOssludg"
        }
      ],
      "services": {
        "appinvite_service": {
          "other_platform_oauth_client": [
            {
              "client_id": "430937508854-qsu7tohuf3teu9mp62bni2bd62g7e693.apps.googleusercontent.com",
              "client_type": 3
            }
          ]
        }
      }
    }
  ],
  "configuration_version": "1"
}